162.25,162.33999633789062,156.72000122070312,156.8000030517578,95623200,156.8000030517578,156.8000030517578,156.8000030517578,155.0283660888672
155.91000366210938,159.7899932861328,155.3800048828125,156.57000732421875,88063200,156.68500518798828,156.68500518798828,156.68500518798828,154.80099487304688
159.25,164.52000427246094,158.92999267578125,163.63999938964844,130216800,159.00333658854166,159.00333658854166,159.00333658854166,161.7910919189453
161.83999633789062,166.1999969482422,157.25,157.64999389648438,131747600,158.66500091552734,158.66500091552734,158.66500091552734,155.86875915527344
156.7100067138672,158.22999572753906,153.27000427246094,157.9600067138672,123055300,158.5240020751953,158.5240020751953,158.5240020751953,156.17527770996094
158.14999389648438,160.7100067138672,156.32000732421875,159.47999572753906,88966500,158.68333435058594,158.68333435058594,158.68333435058594,157.67808532714844
159.6699981689453,166.47999572753906,159.25999450683594,166.02000427246094,108256500,159.73143005371094,159.73143005371094,159.73143005371094,164.1442108154297
163.85000610351562,164.0800018310547,154.9499969482422,156.77000427246094,130525300,159.7271445138114,159.3612518310547,159.3612518310547,154.9987335205078
156.00999450683594,159.44000244140625,154.17999267578125,157.27999877929688,116124600,159.82857186453683,159.1300014919705,159.1300014919705,155.73143005371094
154.92999267578125,155.8300018310547,151.49000549316406,152.05999755859375,131577900,158.17428588867188,158.42300109863282,158.42300109863282,150.5628204345703
155.52000427246094,156.74000549316406,152.92999267578125,154.50999450683594,115366700,157.72571454729353,158.06727322665128,158.06727322665128,152.98870849609375
153.5,155.4499969482422,145.80999755859375,146.5,142689800,156.08857073102678,157.10333379109701,157.10333379109701,145.0575714111328
142.77000427246094,146.1999969482422,138.8000030517578,142.55999755859375,182602000,153.67142813546317,155.984615619366,155.984615619366,141.15635681152344
144.58999633789062,148.10000610351562,143.11000061035156,147.11000061035156,113990900,150.9699990408761,155.35071454729353,155.35071454729353,145.66156005859375
145.5500030517578,147.52000427246094,144.17999267578125,145.5399932861328,86643800,149.36571175711495,154.69666646321613,154.69666646321613,144.1070098876953
148.86000061035156,149.77000427246094,146.67999267578125,149.24000549316406,78336300,148.2171412876674,154.3556251525879,154.3556251525879,147.7705841064453
146.85000610351562,147.36000061035156,139.89999389648438,140.82000732421875,109742900,146.6114283970424,153.55941233915442,153.55941233915442,139.43350219726562
139.8800048828125,141.66000366210938,136.60000610351562,137.35000610351562,136095600,144.16000148228235,152.6588897705078,152.6588897705078,135.99766540527344
139.08999633789062,140.6999969482422,132.61000061035156,137.58999633789062,137426100,142.88714381626673,151.86579011615953,151.86579011615953,136.23529052734375
137.7899932861328,143.25999450683594,137.64999389648438,143.11000061035156,117726300,142.96571568080358,151.42800064086913,151.42800064086913,141.70095825195312
140.80999755859375,141.97000122070312,137.3300018310547,140.36000061035156,104132700,142.00142996651786,150.60600051879882,150.9009530203683,138.97804260253906
138.42999267578125,141.7899932861328,138.33999633789062,140.52000427246094,92482700,141.28428867885046,149.80350036621093,150.42909171364525,139.13645935058594
137.38999938964844,144.33999633789062,137.13999938964844,143.77999877929688,90601500,140.50428771972656,148.81050033569335,150.14000071649966,142.36434936523438
145.38999938964844,149.67999267578125,145.25999450683594,149.63999938964844,90978500,141.7642865862165,148.41000061035157,150.11916732788086,148.16665649414062
149.07000732421875,150.66000366210938,146.83999633789062,148.83999633789062,103718400,143.4057137625558,147.95400009155273,150.06800048828126,147.37454223632812
149.89999389648438,151.74000549316406,147.67999267578125,148.7100067138672,74286600,144.9942866734096,147.41550064086914,150.0157699584961,147.2458038330078
147.8300018310547,151.27000427246094,146.86000061035156,151.2100067138672,72348100,146.15143040248327,146.67500076293945,150.06000094943576,149.72120666503906
146.89999389648438,147.97000122070312,144.4600067138672,145.3800048828125,88570300,146.86857386997767,146.10550079345703,149.89285823277064,143.94859313964844
147.02999877929688,148.57000732421875,144.89999389648438,146.13999938964844,71598400,147.67143031529017,145.54850082397462,149.76344930714575,144.7010955810547
144.35000610351562,149.0,144.10000610351562,148.7100067138672,67808200,148.37571716308594,145.3810012817383,149.72833455403645,147.2458038330078
148.5800018310547,149.8699951171875,147.4600067138672,147.9600067138672,53950200,148.1357182094029,145.05350189208986,149.6712917204826,146.50318908691406
147.0800018310547,147.9499969482422,142.52999877929688,142.63999938964844,69473000,147.250004359654,144.86050186157226,149.45156383514404,141.23558044433594
140.27999877929688,140.75999450683594,137.05999755859375,137.1300048828125,91437900,145.59571838378906,144.5890022277832,149.07818326083097,135.77984619140625
132.8699951171875,135.1999969482422,131.44000244140625,131.8800048828125,122207100,142.83428955078125,143.82750244140624,148.57235448500688,130.58154296875
133.1300048828125,133.88999938964844,131.47999572753906,132.75999450683594,84784300,141.03143092564173,143.1885025024414,148.12057277134485,131.45285034179688
134.2899932861328,137.33999633789062,132.16000366210938,135.42999267578125,91533000,139.50142996651786,142.49800186157228,147.76805665757922,134.0965576171875
132.0800018310547,132.38999938964844,129.0399932861328,130.05999755859375,108123900,136.83714294433594,141.96000137329102,147.28946046571474,128.7794189453125
130.07000732421875,133.0800018310547,129.80999755859375,131.55999755859375,134520300,134.4942844935826,141.6705009460449,146.87552723131682,130.26467895507812
133.4199981689453,137.05999755859375,133.32000732421875,135.8699951171875,81000500,133.52714102608817,141.58450088500976,146.5933341001853,134.5322265625
134.7899932861328,137.75999450683594,133.91000366210938,135.35000610351562,73409200,133.2728554861886,141.19650115966797,146.31225090026857,134.01736450195312
136.82000732421875,138.58999633789062,135.6300048828125,138.27000427246094,72433800,134.18571254185267,141.09200134277344,146.11609854349277,136.90858459472656
139.89999389648438,141.91000366210938,139.77000427246094,141.66000366210938,89116800,135.45714242117745,141.14900131225585,146.01000104631697,140.2652130126953
142.6999969482422,143.49000549316406,140.97000122070312,141.66000366210938,70207900,136.3471439906529,141.0430015563965,145.90883831645166,140.2652130126953
142.1300048828125,143.4199981689453,137.32000732421875,137.44000244140625,67083400,137.40143040248327,140.43300170898436,145.716364773837,136.08677673339844
137.4600067138672,140.6699981689453,136.6699981689453,139.22999572753906,66242400,138.4971444266183,139.9525016784668,145.57222323947482,137.859130859375
137.25,138.3699951171875,133.77000427246094,136.72000122070312,98964500,138.61857386997767,139.3530014038086,145.3797836303711,135.37388610839844
136.0399932861328,139.0399932861328,135.66000366210938,138.92999267578125,71051600,139.1300005231585,138.7390007019043,145.24255403559258,137.56210327148438
137.77000427246094,141.61000061035156,136.92999267578125,141.55999755859375,73353800,139.5999995640346,138.54800033569336,145.16583410898843,140.16619873046875
141.35000610351562,144.1199951171875,141.0800018310547,142.9199981689453,74064300,139.77999877929688,138.3870002746582,145.12000072245695,141.51280212402344
143.2899932861328,146.5500030517578,143.27999877929688,146.35000610351562,66253700,140.4499991280692,138.2690002441406,145.14460083007813,144.90904235839844
145.25999450683594,147.5500030517578,145.0,147.0399932861328,64547800,141.82142639160156,138.2229995727539,145.18176538804,145.59225463867188
145.6699981689453,146.63999938964844,143.77999877929688,144.8699951171875,63141600,142.62714059012276,138.33449935913086,145.1757698059082,143.44361877441406
145.75999450683594,148.4499969482422,145.0500030517578,145.86000061035156,77588800,143.93285478864397,138.7709991455078,145.18867982108637,144.42385864257812
142.99000549316406,146.4499969482422,142.1199951171875,145.49000549316406,71185600,144.8699994768415,139.45149917602538,145.19425992612486,144.05751037597656
144.0800018310547,148.9499969482422,143.25,148.47000122070312,78140700,145.85714285714286,140.23699951171875,145.25381885875356,147.00814819335938
149.77999877929688,150.86000061035156,148.1999969482422,150.1699981689453,76259900,146.89285714285714,140.97399978637696,145.34160777500696,148.69142150878906
150.74000549316406,151.57000732421875,146.6999969482422,147.07000732421875,81420900,146.99571446010046,141.8245002746582,145.37193057411596,145.62197875976562
147.9199981689453,151.22999572753906,146.91000366210938,151.0,82982400,147.5614297049386,142.7965003967285,145.46896625387257,149.5132598876953
151.1199951171875,153.72000122070312,150.3699951171875,153.0399932861328,64823400,148.72857230050224,143.65500030517578,145.59728874594478,151.5331573486328
154.5,155.57000732421875,151.94000244140625,155.35000610351562,65086600,150.08428737095423,144.65500030517578,145.75983403523762,153.8204345703125
155.38999938964844,156.27999877929688,153.41000366210938,154.08999633789062,66675400,151.31285749162947,145.44599990844728,145.89639407298603,152.5728302001953
154.00999450683594,155.0399932861328,152.27999877929688,152.9499969482422,53623900,151.9528568812779,146.0104995727539,146.0101618612966,151.44406127929688
152.25999450683594,153.08999633789062,150.8000030517578,151.60000610351562,55138700,152.15714372907365,146.50749969482422,146.09888954768104,150.1073760986328
152.5800018310547,157.3300018310547,152.16000366210938,156.7899932861328,78620700,153.54571315220423,147.47499923706056,146.26593804359436,155.24623107910156
156.97999572753906,157.63999938964844,154.41000366210938,157.35000610351562,81378700,154.4528568812779,148.38099975585936,146.43646216759316,155.80075073242188
161.24000549316406,163.6300048828125,159.5,162.50999450683594,101786900,155.8057141985212,149.670499420166,146.68000053636956,160.90992736816406
161.00999450683594,163.58999633789062,160.88999938964844,161.50999450683594,67829400,156.68571254185267,150.79949951171875,146.9013437299586,159.91976928710938
160.10000610351562,162.41000366210938,159.6300048828125,160.00999450683594,59907000,157.53142656598772,151.72199935913085,147.09411800608916,158.43453979492188
160.83999633789062,166.58999633789062,160.75,166.1300048828125,82507500,159.4142848423549,152.88249969482422,147.3700004245924,164.49429321289062
166.00999450683594,167.19000244140625,164.42999267578125,165.80999755859375,55474100,161.44428362165178,153.85549926757812,147.63342895507813,164.1774444580078
163.2100067138672,165.85000610351562,163.0,165.35000610351562,56697000,162.6671425955636,154.77099990844727,147.8829582106899,163.94940185546875
166.3699951171875,167.80999755859375,164.1999969482422,164.8699951171875,60276900,163.7414267403739,155.77099990844727,148.11888927883572,163.47344970703125
164.02000427246094,165.82000732421875,163.25,164.9199981689453,63135500,164.08571297781808,156.72399978637696,148.34904145541256,163.5230255126953
167.67999267578125,169.33999633789062,166.89999389648438,169.24000549316406,70170500,165.19000026157923,157.91149978637696,148.63135178024703,167.80645751953125
170.05999755859375,170.99000549316406,168.19000244140625,168.49000549316406,57149200,166.40143040248327,158.9125,148.8961338297526,167.0627899169922
169.82000732421875,172.1699981689453,169.39999389648438,172.10000610351562,68039400,167.25428771972656,160.0090003967285,149.20144793861792,170.64222717285156
171.52000427246094,173.38999938964844,171.35000610351562,173.19000244140625,54091700,168.30857413155692,161.31500015258788,149.5129876074853,171.72299194335938
172.77999877929688,173.7100067138672,171.66000366210938,173.02999877929688,56377100,169.4057159423828,162.41650009155273,149.81448775071365,171.56434631347656
172.77000427246094,176.14999389648438,172.57000732421875,174.5500030517578,79542000,170.78857421875,163.49200057983398,150.12759553933446,173.07144165039062
173.75,174.89999389648438,173.1199951171875,174.14999389648438,62290100,172.10714503696985,164.43199996948243,150.42787551879883,172.6748504638672
173.02999877929688,173.74000549316406,171.30999755859375,171.52000427246094,70346300,172.43285914829798,165.30350036621093,150.68827217007862,170.067138671875
169.69000244140625,169.86000061035156,167.13999938964844,167.57000732421875,69026800,172.30143083844865,166.03450088500978,150.89414698903153,166.1505889892578
167.0800018310547,168.7100067138672,166.64999389648438,167.22999572753906,54147100,171.60571507045202,166.81600036621094,151.09096444371235,165.81346130371094
167.32000732421875,168.11000061035156,166.25,167.52999877929688,53841500,170.7971431187221,167.35300064086914,151.2866672334217,166.11093139648438
168.77999877929688,170.13999938964844,168.35000610351562,170.02999877929688,51218200,170.36857169015067,167.98700027465821,151.50717701631433,168.58975219726562
170.57000732421875,171.0500030517578,163.55999755859375,163.6199951171875,78961000,168.80714198521204,168.0425003051758,151.64802373841752,162.23403930664062
161.14999389648438,162.89999389648438,159.82000732421875,161.3800048828125,73314000,166.98285784040178,168.0360008239746,151.75988559065195,160.0130157470703
162.1300048828125,162.55999755859375,157.72000122070312,158.91000366210938,77906200,165.18142918178015,167.9810012817383,151.84113693237305,157.56394958496094
160.30999755859375,160.5800018310547,157.13999938964844,157.22000122070312,87991100,163.7028568812779,167.5355010986328,151.90157360977003,155.88824462890625
156.63999938964844,158.4199981689453,154.6699981689453,157.9600067138672,74229900,162.37857273646765,167.14300155639648,151.96888953314888,156.62197875976562
159.75,160.36000061035156,154.97000122070312,155.80999755859375,76957800,160.70428684779577,166.6660011291504,152.01109951145045,154.49021911621094
156.47000122070312,157.08999633789062,153.69000244140625,154.52999877929688,73714800,158.49000113351005,166.14900131225585,152.03847885131836,153.22105407714844
154.82000732421875,156.6699981689453,153.61000061035156,155.9600067138672,87449600,157.39571707589286,165.70100173950195,152.08064581758234,154.63893127441406
154.63999938964844,156.36000061035156,152.67999267578125,154.4600067138672,84923800,156.40714590890067,164.9620018005371,152.1059581675428,153.1516571044922
155.47000122070312,157.82000732421875,154.75,157.3699951171875,68028800,156.18714468819755,164.40600128173827,152.16136908280222,156.03695678710938
159.58999633789062,164.25999450683594,159.3000030517578,163.42999267578125,104956000,157.07428632463728,163.97250061035157,152.2787505785624,162.04563903808594
159.89999389648438,160.5399932861328,153.3699951171875,153.83999633789062,122656600,156.4857134137835,163.00500030517577,152.29484589566889,152.53689575195312
154.7899932861328,157.10000610351562,153.61000061035156,155.30999755859375,87965400,156.4142848423549,162.11900024414064,152.3256127493722,153.99444580078125
154.64999389648438,155.24000549316406,151.3800048828125,152.3699951171875,90481100,156.105712890625,161.0099998474121,152.32606105611782,151.07933044433594
151.2100067138672,151.35000610351562,148.3699951171875,150.6999969482422,162278800,155.35428292410714,159.8375,152.30980041503906,149.42347717285156
149.30999755859375,154.55999755859375,149.10000610351562,154.47999572753906,81474200,155.35713849748885,158.9854995727539,152.28660034179688,153.1714630126953
153.39999389648438,158.0800018310547,153.0800018310547,156.89999389648438,107689800,155.28999546595983,158.45199890136718,152.28990020751954,155.57095336914062
157.33999633789062,158.74000549316406,153.60000610351562,153.72000122070312,101696800,153.9028538295201,157.7764991760254,152.19070022583008,152.41790771484375
152.3800048828125,154.47000122070312,150.91000366210938,152.74000549316406,86652500,153.74571228027344,157.03699951171876,152.14160034179687,151.44622802734375
151.19000244140625,151.47000122070312,148.55999755859375,150.42999267578125,96029900,153.04856872558594,156.05699920654297,152.06630020141603,149.15574645996094
149.66000366210938,153.77000427246094,149.63999938964844,150.77000427246094,93339400,152.81999860491072,155.41449966430665,151.97920028686522,149.49290466308594
152.74000549316406,154.72000122070312,149.9499969482422,151.75999450683594,84442700,152.97142682756697,154.93349914550782,151.83660018920898,150.47451782226562
147.63999938964844,150.63999938964844,144.83999633789062,149.83999633789062,146691400,152.3085697719029,154.47999877929686,151.76730010986327,148.5707550048828
146.10000610351562,146.72000122070312,140.67999267578125,142.47999572753906,128138200,150.24857003348214,153.74299850463868,151.6193000793457,141.27313232421875
141.27999877929688,143.10000610351562,138.0,138.1999969482422,124925300,148.03142656598772,152.75499801635743,151.4807000732422,137.02935791015625
138.2100067138672,143.07000732421875,137.69000244140625,142.4499969482422,114311700,146.5614253452846,152.08699798583984,151.36010009765624,141.24334716796875
145.02999877929688,146.22000122070312,144.25999450683594,146.10000610351562,87830100,145.94285583496094,151.66549835205078,151.35610015869142,144.86244201660156
144.07000732421875,147.3800048828125,143.00999450683594,146.39999389648438,79471000,145.31856863839286,151.18749771118163,151.39450012207033,145.15989685058594
145.80999755859375,147.5399932861328,145.22000122070312,145.42999267578125,68402200,144.4142826625279,150.73599700927736,151.3777000427246,144.19813537597656
142.5399932861328,143.10000610351562,139.4499969482422,140.08999633789062,85925600,143.02142551967077,149.8719970703125,151.3232000732422,138.90335083007812
140.4199981689453,141.88999938964844,138.57000732421875,140.4199981689453,74899000,142.72714015415735,148.72149734497071,151.235,139.23057556152344
139.89999389648438,141.35000610351562,138.22000122070312,138.97999572753906,77033700,142.83856855119978,147.97849731445314,151.2165998840332,137.80274963378906
139.1300048828125,140.36000061035156,138.16000366210938,138.33999633789062,70433700,142.25142560686385,147.12999725341797,151.22649978637696,137.16818237304688
134.99000549316406,143.58999633789062,134.3699951171875,142.99000549316406,113224000,141.80713980538505,146.6609977722168,151.28049987792969,141.77879333496094
144.30999755859375,144.52000427246094,138.19000244140625,138.3800048828125,88598000,140.6614270891462,146.0449981689453,151.2331999206543,137.2078399658203
141.07000732421875,142.89999389648438,140.27000427246094,142.41000366210938,85250900,140.23000008719308,145.44149856567384,151.25369995117188,141.20370483398438
145.49000549316406,146.6999969482422,140.61000061035156,143.75,99136600,140.7528577532087,144.78399887084962,151.28599990844725,142.53236389160156
141.69000244140625,144.9499969482422,141.5,143.86000061035156,61758300,141.2442866734096,144.29099884033204,151.28679992675782,142.64141845703125
143.02000427246094,145.88999938964844,142.64999389648438,143.38999938964844,64522000,141.87428719656808,143.82349853515626,151.22429992675782,142.17538452148438
142.8699951171875,147.85000610351562,142.64999389648438,147.27000427246094,86548600,143.1500026157924,143.66549911499024,151.20860000610352,146.0225372314453
147.19000244140625,150.22999572753906,146.0,149.4499969482422,75981900,144.07285853794642,143.5994987487793,151.21599990844726,148.18406677246094
150.08999633789062,152.49000549316406,149.36000061035156,152.33999633789062,74732300,146.067143031529,143.62849884033204,151.2272998046875,151.04959106445312
150.9600067138672,151.99000549316406,148.0399932861328,149.35000610351562,88194300,147.0585719517299,143.60399932861327,151.26699981689453,148.08493041992188
148.07000732421875,149.0500030517578,144.1300048828125,144.8000030517578,109180200,147.2085723876953,143.71999969482422,151.25359985351562,143.57347106933594
148.1999969482422,157.5,147.82000732421875,155.74000549316406,164762400,148.9057159423828,144.5970001220703,151.3238998413086,154.42080688476562
153.16000366210938,154.24000549316406,151.9199981689453,153.33999633789062,97943200,150.327144077846,145.14150009155273,151.37769973754882,152.04112243652344
155.0800018310547,155.4499969482422,149.1300048828125,150.64999389648438,80379300,150.80999973842077,145.36899948120117,151.45779968261718,149.3739013671875
148.9499969482422,152.1699981689453,145.0,145.02999877929688,93604600,150.17857142857142,145.3004997253418,151.53679962158202,143.801513671875
142.05999755859375,142.8000030517578,138.75,138.8800048828125,97918500,148.2557155064174,144.97300033569337,151.60679962158204,137.70359802246094
142.08999633789062,142.6699981689453,134.3800048828125,138.3800048828125,140814800,146.6885724748884,144.88750076293945,151.6629997253418,137.43545532226562
137.11000061035156,139.14999389648438,135.6699981689453,138.9199981689453,83374600,145.84857177734375,144.81250076293946,151.69789978027345,137.9717559814453
140.41000366210938,141.42999267578125,137.49000549316406,139.5,89908500,143.52857099260603,144.8385009765625,151.7922998046875,138.5478057861328
138.5,138.5500030517578,134.58999633789062,134.8699951171875,74917800,140.88999938964844,144.66500091552734,151.82539978027344,133.94940185546875
141.24000549316406,146.8699951171875,139.5,146.8699951171875,118854000,140.3499995640346,144.8590003967285,151.93539978027343,145.86749267578125
145.82000732421875,150.00999450683594,144.3699951171875,149.6999969482422,93979700,141.01714215959822,145.425,152.0788996887207,148.67819213867188
148.97000122070312,150.27999877929688,147.42999267578125,148.27999877929688,73374100,142.35999843052454,145.71849975585937,152.17899963378906,147.2678680419922
152.22000122070312,153.58999633789062,148.55999755859375,150.0399932861328,89868300,144.0257110595703,146.03299942016602,152.2627995300293,149.015869140625
149.1300048828125,149.8699951171875,147.2899932861328,148.7899932861328,64218300,145.43571036202567,146.27949905395508,152.33409942626952,147.7743682861328
146.42999267578125,151.47999572753906,146.14999389648438,150.72000122070312,80389400,147.03856767926897,146.6459991455078,152.4668994140625,149.6912384033203
152.30999755859375,152.6999969482422,149.97000122070312,151.2899932861328,74829600,149.384281703404,146.8469985961914,152.58749938964843,150.25730895996094
150.16000366210938,150.3699951171875,147.72000122070312,148.00999450683594,58724100,149.54713875906808,146.7749984741211,152.70039932250975,146.9997100830078
148.1300048828125,150.4199981689453,146.92999267578125,150.17999267578125,51804100,149.61570957728796,146.66699829101563,152.81289932250976,149.1549072265625
149.4499969482422,151.8300018310547,149.33999633789062,151.07000732421875,58301400,150.0142822265625,146.75299835205078,152.90799942016602,150.03883361816406
148.30999755859375,148.8800048828125,147.1199951171875,148.11000061035156,35195900,149.73856898716517,146.91849822998046,152.9598994445801,147.0990447998047
145.13999938964844,146.63999938964844,143.3800048828125,144.22000122070312,69246000,149.08571297781808,146.3424980163574,152.93859939575196,143.23558044433594
144.2899932861328,144.80999755859375,140.35000610351562,141.1699981689453,83763800,147.72142682756697,145.73399810791017,152.87989944458008,140.20640563964844
141.39999389648438,148.72000122070312,140.5500030517578,148.02999877929688,111380900,147.2557133265904,145.60299835205078,152.91149948120116,147.0195770263672
148.2100067138672,149.1300048828125,146.61000061035156,148.30999755859375,71250400,147.29857090541296,145.76699829101562,152.9359994506836,147.29766845703125
145.9600067138672,148.0,145.64999389648438,147.80999755859375,65447400,146.96000017438615,146.2134979248047,152.9591993713379,146.80108642578125
147.77000427246094,150.9199981689453,145.77000427246094,146.6300048828125,68826400,146.32571411132812,146.6259979248047,152.940799407959,145.629150390625
147.07000732421875,147.3000030517578,141.9199981689453,142.91000366210938,64727200,145.5828574044364,146.82549819946288,152.86819946289063,141.93453979492188
142.19000244140625,143.3699951171875,140.0,140.94000244140625,69721100,145.1142861502511,146.8974983215332,152.8068994140625,139.9779815673828
142.36000061035156,143.52000427246094,141.10000610351562,142.64999389648438,62128300,145.32571411132812,147.28649826049804,152.72339935302733,141.67630004882812
142.33999633789062,145.57000732421875,140.89999389648438,142.16000366210938,76097000,144.48714338030135,147.05099868774414,152.61459945678712,141.1896514892578
142.6999969482422,144.5,141.05999755859375,144.49000549316406,70462700,143.9414302280971,146.79049911499024,152.5059994506836,143.50375366210938
149.5,149.97000122070312,144.24000549316406,145.47000122070312,93886200,143.60714503696985,146.64999923706054,152.41979949951173,144.47706604003906
145.35000610351562,146.66000366210938,141.16000366210938,143.2100067138672,82291200,143.11857386997767,146.30849990844726,152.32239959716796,142.23248291015625
141.11000061035156,141.8000030517578,136.02999877929688,136.5,98931900,142.2028590611049,145.69400024414062,152.1713995361328,135.5682830810547
136.69000244140625,137.64999389648438,133.72999572753906,134.50999450683594,160156900,141.28428649902344,144.88349990844728,151.94859954833984,133.59185791015625
135.11000061035156,135.1999969482422,131.32000732421875,132.3699951171875,79592600,139.81571524483817,143.9375,151.69879943847656,131.4664764404297
131.38999938964844,133.25,129.88999938964844,132.3000030517578,77432800,138.40714372907365,143.1520004272461,151.39669952392578,131.39695739746094
132.97999572753906,136.80999755859375,132.75,135.4499969482422,85928000,137.11571393694197,142.41550064086914,151.13609954833984,134.5254364013672
134.35000610351562,134.55999755859375,130.3000030517578,132.22999572753906,77852100,135.22428458077567,141.47350006103517,150.85829956054687,131.32742309570312
130.9199981689453,132.4199981689453,129.63999938964844,131.86000061035156,63814900,133.6028551374163,140.66100006103517,150.51559951782227,130.9599609375
131.3800048828125,131.41000366210938,128.72000122070312,130.02999877929688,69007800,132.67856924874442,139.95149993896484,150.1577995300293,129.14242553710938
129.6699981689453,131.02999877929688,125.87000274658203,126.04000091552734,85438400,131.46857016427177,139.19500007629395,149.76469947814942,125.17967224121094
127.98999786376953,130.47999572753906,127.7300033569336,129.61000061035156,75703700,131.07428523472376,138.27400016784668,149.41209953308106,128.7252960205078
128.41000366210938,129.9499969482422,127.43000030517578,129.92999267578125,77034200,130.73571232387,137.35499992370606,149.0621994781494,129.04312133789062
130.27999877929688,130.89999389648438,124.16999816894531,125.06999969482422,112117500,129.2528555733817,136.21800003051757,148.62049942016603,124.21630096435547
126.88999938964844,128.66000366210938,125.08000183105469,126.36000061035156,89113600,128.4142848423549,135.20449981689453,148.1991993713379,125.49749755859375
127.12999725341797,127.7699966430664,124.76000213623047,125.0199966430664,80962700,127.43714141845703,134.30999946594238,147.7283992767334,124.16664123535156
126.01000213623047,130.2899932861328,124.88999938964844,129.6199951171875,87754700,127.37856946672711,133.74399909973144,147.29269920349122,128.73521423339844
130.47000122070312,133.41000366210938,129.88999938964844,130.14999389648438,70790800,127.96571132114956,133.11899909973144,146.86389915466307,129.26161193847656
130.25999450683594,131.25999450683594,128.1199951171875,130.72999572753906,63896200,128.1257106236049,132.54749870300293,146.4256990814209,129.837646484375
131.25,133.50999450683594,130.4600067138672,133.49000549316406,69458900,128.63428388323103,131.99749870300292,146.0190991973877,132.57884216308594
133.8800048828125,134.25999450683594,131.44000244140625,133.41000366210938,71379600,129.82571302141463,131.39449882507324,145.63799919128417,132.49937438964844
132.02999877929688,134.9199981689453,131.66000366210938,134.75999450683594,57809700,131.0257121494838,130.97199821472168,145.30989906311035,133.84014892578125
134.8300018310547,137.2899932861328,134.1300048828125,135.94000244140625,63646600,132.58571297781808,130.943998336792,144.99699913024904,135.01211547851562
136.82000732421875,138.61000061035156,135.02999877929688,135.2100067138672,69672800,133.38428606305803,130.97899894714357,144.67379920959473,134.28709411621094
134.0800018310547,136.25,133.77000427246094,135.27000427246094,58280400,134.11571611676897,131.12399940490724,144.32619926452637,134.34669494628906
135.27999877929688,138.02000427246094,134.22000122070312,137.8699951171875,80223600,135.1357160295759,131.40249900817872,144.06869926452637,136.92892456054688
138.1199951171875,143.32000732421875,137.89999389648438,141.11000061035156,81760300,136.22428676060267,131.68549919128418,143.86599922180176,140.14683532714844
140.30999755859375,143.16000366210938,140.3000030517578,142.52999877929688,66435100,137.52714320591517,132.20049934387208,143.70219917297362,141.55711364746094
140.88999938964844,142.42999267578125,138.80999755859375,141.86000061035156,65799300,138.5414297921317,132.70049934387208,143.5485991668701,140.89169311523438
143.1699981689453,144.25,141.89999389648438,143.9600067138672,54105100,139.68714468819755,133.3969997406006,143.40859916687012,142.97735595703125
143.16000366210938,147.22999572753906,143.0800018310547,145.92999267578125,70555800,141.21857125418526,134.3914993286133,143.30979911804198,144.9339141845703
144.9600067138672,145.5500030517578,142.85000610351562,143.0,64015300,142.32285635811942,135.0609992980957,143.19449913024903,142.02392578125
142.6999969482422,144.33999633789062,142.27999877929688,144.2899932861328,65874500,143.23999895368303,135.77899932861328,143.07779899597168,143.3050994873047
143.97000122070312,146.61000061035156,141.32000732421875,145.42999267578125,77663600,143.85714067731584,136.79699897766113,142.98749885559081,144.4373321533203
148.89999389648438,151.17999267578125,148.1699981689453,150.82000732421875,118339000,145.0414276123047,138.0199993133545,142.92199897766113,149.79055786132812
148.02999877929688,157.3800048828125,147.8300018310547,154.5,154357300,146.8471418108259,139.49399948120117,142.83269905090333,153.44540405273438
152.57000732421875,153.10000610351562,150.77999877929688,151.72999572753906,69858300,147.95714024135046,140.59949951171876,142.8115990447998,150.69432067871094
150.63999938964844,155.22999572753906,150.63999938964844,154.64999389648438,83322600,149.2028547014509,141.82449951171876,142.8049990081787,153.59439086914062
153.8800048828125,154.5800018310547,151.1699981689453,151.9199981689453,64120100,150.47714015415735,142.88399963378907,142.8004990386963,150.88302612304688
153.77999877929688,154.3300018310547,150.4199981689453,150.8699951171875,56007100,151.4171404157366,143.75299911499025,142.80219902038573,149.84017944335938
149.4600067138672,151.33999633789062,149.22000122070312,151.00999450683594,57450700,152.2142835344587,144.63299865722655,142.7674990081787,150.20822143554688
150.9499969482422,154.25999450683594,150.9199981689453,153.85000610351562,62199000,152.6471405029297,145.58749923706054,142.73699913024902,153.03317260742188
152.1199951171875,153.77000427246094,150.86000061035156,153.1999969482422,61707600,152.46142578125,146.45049896240235,142.73179908752442,152.3865966796875
153.11000061035156,155.5,152.8800048828125,155.3300018310547,65573800,152.9757123674665,147.4564987182617,142.7576990509033,154.50527954101562
153.50999450683594,156.3300018310547,153.35000610351562,153.7100067138672,68167900,152.84142848423548,148.37849884033204,142.79049919128417,152.89389038085938
152.35000610351562,153.0,150.85000610351562,152.5500030517578,59144100,152.93142918178015,149.11249923706055,142.80829917907715,151.7400665283203
150.1999969482422,151.3000030517578,148.41000366210938,148.47999572753906,58867200,152.59000069754464,149.48099899291992,142.77549919128418,147.69166564941406
148.8699951171875,149.9499969482422,147.16000366210938,148.91000366210938,51011300,152.29000200544084,149.79999923706055,142.76619926452636,148.11936950683594
150.08999633789062,150.33999633789062,147.24000549316406,149.39999389648438,48394200,151.65428597586495,150.1769989013672,142.83539924621581,148.6067657470703
147.11000061035156,147.19000244140625,145.72000122070312,146.7100067138672,55469600,150.7271445138114,150.3144989013672,142.92049934387208,145.9310760498047
147.7100067138672,149.1699981689453,147.4499969482422,147.9199981689453,44998500,149.66857256208147,150.41399917602538,142.9751993560791,147.1346435546875
147.0500030517578,149.0800018310547,146.8300018310547,147.41000366210938,50547000,148.76857212611608,150.63449935913087,142.98829933166505,146.62733459472656
146.8300018310547,147.22999572753906,145.00999450683594,145.30999755859375,55479000,147.73428562709265,150.6854995727539,142.97739936828614,144.5384979248047
144.3800048828125,146.7100067138672,143.89999389648438,145.91000366210938,52238100,147.36714390345983,150.70950012207032,142.98219947814943,145.1353302001953
148.0399932861328,151.11000061035156,147.3300018310547,151.02999877929688,70732300,147.67000034877233,150.71999969482422,143.09159950256347,150.22813415527344
153.7899932861328,156.3000030517578,153.4600067138672,153.8300018310547,87558000,148.30285862513952,150.68649978637694,143.22569953918457,153.01327514648438
153.6999969482422,154.02999877929688,151.1300048828125,151.60000610351562,56182000,149.00142996651786,150.68000030517578,143.35189964294435,150.7951202392578
152.80999755859375,153.47000122070312,151.8300018310547,152.8699951171875,47204800,149.7085723876953,150.59100036621095,143.4971996307373,152.058349609375
153.55999755859375,154.5399932861328,150.22999572753906,150.58999633789062,53833600,150.16285705566406,150.5245002746582,143.57319953918457,149.79046630859375
150.2100067138672,150.94000244140625,147.61000061035156,148.5,68572400,150.61857169015067,150.40600051879883,143.67439949035645,147.71156311035156
147.80999755859375,153.13999938964844,147.6999969482422,150.47000122070312,84457100,151.26999991280692,150.37900085449218,143.75499946594238,149.67111206054688
151.27999877929688,153.39999389648438,150.10000610351562,152.58999633789062,73695900,151.49285670689173,150.31600036621094,143.8433994293213,151.7798309326172
151.19000244140625,153.25,149.9199981689453,152.99000549316406,77167900,151.37285723005022,150.30550079345704,143.9346994781494,152.17771911621094
152.16000366210938,156.4600067138672,151.63999938964844,155.85000610351562,76161100,151.98000008719308,150.33150100708008,144.0592995452881,155.0225372314453
156.0800018310547,156.74000549316406,154.27999877929688,155.0,98944600,152.28428649902344,150.39600067138673,144.13659950256348,154.1770477294922
155.07000732421875,157.82000732421875,154.14999389648438,157.39999389648438,73641400,153.25714329310827,150.63850021362305,144.2160994720459,156.56430053710938
157.32000732421875,159.39999389648438,156.5399932861328,159.27999877929688,73938300,154.7971431187221,151.17850036621093,144.28549949645995,158.43431091308594
159.3000030517578,162.13999938964844,157.80999755859375,157.8300018310547,75701800,155.84857177734375,151.6245002746582,144.37029945373536,156.9920196533203
158.8300018310547,161.5500030517578,157.67999267578125,158.92999267578125,67622100,156.75428553989954,152.10100021362305,144.5115993499756,158.086181640625
158.86000061035156,160.33999633789062,157.85000610351562,160.25,59196500,157.7914276123047,152.7779998779297,144.55669929504396,159.39918518066406
159.94000244140625,160.77000427246094,157.8699951171875,158.27999877929688,52390300,158.13856942313058,153.29599990844727,144.606099319458,157.4396209716797
157.97000122070312,158.49000549316406,155.97999572753906,157.64999389648438,45992200,158.5171399797712,153.80799942016603,144.67609931945802,156.81297302246094
159.3699951171875,161.0500030517578,159.35000610351562,160.77000427246094,51305700,158.99857003348214,154.58099975585938,144.83349937438965,159.91641235351562
161.52999877929688,162.47000122070312,161.27000427246094,162.36000061035156,49501700,159.4385702950614,155.40349960327148,145.06829933166503,161.4979705810547
162.44000244140625,165.0,161.91000366210938,164.89999389648438,68749800,160.44856916155135,156.09699935913085,145.33349922180176,164.0244598388672
164.27000427246094,166.2899932861328,164.22000122070312,166.1699981689453,56976200,161.48285566057478,156.7139991760254,145.60599922180177,165.28775024414062
166.60000610351562,166.83999633789062,165.11000061035156,165.6300048828125,46278300,162.25142778669084,157.41549911499024,145.86729927062987,164.75062561035156
164.74000549316406,165.0500030517578,161.8000030517578,163.75999450683594,51511700,163.03428431919642,157.95999908447266,146.15619926452638,162.89053344726562
162.42999267578125,164.9600067138672,162.0,164.66000366210938,45390100,164.03571428571428,158.6634994506836,146.3340993499756,163.7857666015625
161.4199981689453,162.02999877929688,160.0800018310547,162.02999877929688,47716900,164.21571350097656,159.33999938964843,146.45739936828613,161.1697235107422
162.35000610351562,162.36000061035156,160.50999450683594,160.8000030517578,47644200,163.99285670689173,159.85649948120118,146.58259941101073,159.94625854492188
161.22000122070312,162.05999755859375,159.77999877929688,160.10000610351562,50133100,163.30714416503906,160.23199996948242,146.68319953918456,159.24998474121094
161.6300048828125,165.8000030517578,161.4199981689453,165.55999755859375,68445600,163.22000122070312,160.8604995727539,146.85089958190918,164.6809844970703
164.58999633789062,166.32000732421875,163.82000732421875,165.2100067138672,49386500,163.16000148228235,161.3284996032715,146.99579963684081,164.3328399658203
165.08999633789062,165.38999938964844,164.02999877929688,165.22999572753906,41516200,163.37000165666853,161.83999938964843,147.1351996612549,164.3527374267578
166.10000610351562,167.41000366210938,165.64999389648438,166.47000122070312,49923000,163.62857273646765,162.2934997558594,147.31979972839355,165.58616638183594
165.8000030517578,168.16000366210938,165.5399932861328,167.6300048828125,47720200,164.42857360839844,162.71100006103515,147.49429985046388,166.739990234375
166.08999633789062,167.8699951171875,165.55999755859375,166.64999389648438,52456400,165.2642865862165,163.15199966430663,147.65009971618653,165.7652130126953
165.0500030517578,166.4499969482422,164.49000549316406,165.02000427246094,58337300,165.96714346749442,163.4565002441406,147.8191997528076,164.14385986328125
165.0,165.60000610351562,163.88999938964844,165.3300018310547,41949600,165.93428693498885,163.71050033569335,148.03029975891113,164.4521942138672
165.19000244140625,166.30999755859375,163.72999572753906,163.77000427246094,48714100,165.72857230050224,163.98500061035156,148.2562998199463,162.90048217773438
163.05999755859375,165.27999877929688,162.8000030517578,163.75999450683594,45498800,165.51857212611608,164.29050064086914,148.4135997772217,162.89053344726562
165.19000244140625,168.55999755859375,165.19000244140625,168.41000366210938,64902300,165.79571533203125,164.67250061035156,148.61459983825682,167.51585388183594
168.49000549316406,169.85000610351562,167.8800048828125,169.67999267578125,55209200,166.08857073102678,165.03850021362305,148.8332997894287,168.7790985107422
169.27999877929688,170.4499969482422,168.63999938964844,169.58999633789062,52472900,166.5085710797991,165.27300033569335,149.0628997039795,168.68960571289062
170.08999633789062,170.35000610351562,167.5399932861328,168.5399932861328,48425700,167.0114266531808,165.39150009155273,149.31919960021972,167.64515686035156
169.5,170.9199981689453,167.16000366210938,167.4499969482422,65136000,167.3142830984933,165.4824996948242,149.58429954528808,166.56094360351562
164.88999938964844,167.0399932861328,164.30999755859375,165.7899932861328,81235400,167.60285295758928,165.58399963378906,149.81569953918458,164.90975952148438
170.97999572753906,174.3000030517578,170.75999450683594,173.57000732421875,113316400,169.00428336007255,166.02949981689454,150.12979957580566,172.64846801757812
172.47999572753906,173.85000610351562,172.11000061035156,173.5,55962800,169.73142569405692,166.60299987792968,150.41989952087403,172.57882690429688
173.0500030517578,173.5399932861328,171.60000610351562,171.77000427246094,45326900,170.02999877929688,167.15149993896483,150.6828995513916,170.85801696777344
173.02000427246094,174.02999877929688,171.89999389648438,173.55999755859375,53724500,170.5971418108259,167.82449951171876,150.98639945983888,172.63851928710938
173.85000610351562,174.58999633789062,172.1699981689453,173.75,49514700,171.34142848423548,168.23399963378907,151.35889945983888,172.82748413085938
173.6199951171875,174.05999755859375,171.0,172.57000732421875,45497800,172.07285853794642,168.60199966430665,151.7394995880127,171.8911895751953
173.16000366210938,173.2100067138672,171.47000122070312,172.07000732421875,37266700,172.97000340053015,168.94400024414062,152.136499710083,171.39317321777344
171.99000549316406,173.13999938964844,171.8000030517578,172.07000732421875,42110300,172.75571768624442,169.2240005493164,152.5341997528076,171.39317321777344
171.7100067138672,172.92999267578125,170.4199981689453,172.69000244140625,57951600,172.64000374930245,169.47700042724608,152.90659980773927,172.01072692871094
173.0,175.24000549316406,172.5800018310547,175.0500030517578,65496700,173.10857500348772,169.89700088500976,153.33479988098145,174.36143493652344
176.38999938964844,176.38999938964844,174.94000244140625,175.16000366210938,55772400,173.33714730398995,170.40400085449218,153.76779991149903,174.4710235595703
173.97999572753906,174.7100067138672,173.4499969482422,174.1999969482422,43570900,173.40143258231026,170.84750061035157,154.20949989318848,173.51478576660156
173.1300048828125,173.3800048828125,171.27999877929688,171.55999755859375,50747300,173.25714547293526,171.23700027465821,154.66469985961913,170.8851776123047
171.08999633789062,172.4199981689453,170.52000427246094,171.83999633789062,45143500,173.22428676060267,171.64100036621093,155.08699981689452,171.1640625
172.41000366210938,173.89999389648438,171.69000244140625,172.99000549316406,56058300,173.35571507045202,171.87000045776367,155.51759994506835,172.30953979492188
173.32000732421875,175.77000427246094,173.11000061035156,175.42999267578125,54835000,173.7471422467913,172.15750045776366,156.02119987487794,174.7399444580078
176.9600067138672,178.99000549316406,176.57000732421875,177.3000030517578,55964400,174.06857081821985,172.54300079345703,156.53059989929199,176.6025848388672
177.3300018310547,179.35000610351562,176.75999450683594,177.25,99625300,174.3671417236328,172.9785011291504,157.05289993286132,176.55279541015625
177.6999969482422,180.1199951171875,176.92999267578125,180.08999633789062,68901800,175.2085702078683,173.61050109863282,157.55759994506835,179.38160705566406
181.02999877929688,181.77999877929688,179.25999450683594,180.9499969482422,61945900,176.5499986921038,174.36850128173828,158.06559997558594,180.23822021484375
182.6300048828125,184.9499969482422,178.0399932861328,179.5800018310547,121946500,177.6557137625558,174.66900100708008,158.5541000366211,178.8736114501953
179.97000122070312,180.1199951171875,177.42999267578125,179.2100067138672,64848400,178.5442853655134,174.95450134277343,159.01130004882813,178.5050811767578
178.44000244140625,181.2100067138672,177.32000732421875,177.82000732421875,61944600,178.8857160295759,175.25700149536132,159.4554000854492,177.12054443359375
177.89999389648438,180.83999633789062,177.4600067138672,180.57000732421875,50214900,179.3528594970703,175.60750198364258,159.91350021362305,179.85972595214844
181.5,182.22999572753906,180.6300048828125,180.9600067138672,48870700,179.8828604561942,175.96800231933594,160.36370025634767,180.24819946289062
181.27000427246094,183.88999938964844,180.97000122070312,183.7899932861328,54274900,180.41143144880022,176.52900161743165,160.8495001220703,183.0670623779297
182.8000030517578,184.14999389648438,182.44000244140625,183.30999755859375,54929100,180.74857439313615,177.09100112915038,161.32990005493164,182.5889434814453
183.3699951171875,184.38999938964844,182.02000427246094,183.9499969482422,57462900,181.37285940987724,177.68500061035155,161.7907000732422,183.22642517089844
183.9600067138672,186.52000427246094,183.77999877929688,186.00999450683594,65433200,182.3442862374442,178.35100021362305,162.23970001220704,185.27833557128906
186.72999572753906,186.99000549316406,184.27000427246094,184.9199981689453,101235600,183.3585706438337,178.84449996948243,162.6636000061035,184.19261169433594
184.41000366210938,186.10000610351562,184.41000366210938,185.00999450683594,49799100,183.99285452706474,179.33699951171874,163.09509994506837,184.28225708007812
184.89999389648438,185.41000366210938,182.58999633789062,183.9600067138672,49515700,184.42142595563615,179.825,163.49509994506835,183.2364044189453
183.74000549316406,187.0500030517578,183.6699981689453,187.0,51245300,184.87999834333147,180.5970001220703,163.90580001831054,186.26441955566406
185.5500030517578,187.55999755859375,185.00999450683594,186.67999267578125,53079300,185.3614262172154,181.33899993896483,164.34259994506837,185.9456787109375
186.8300018310547,188.0500030517578,185.22999572753906,185.27000427246094,48088700,185.5499986921038,181.9529998779297,164.75240005493163,184.54124450683594
185.88999938964844,188.38999938964844,185.6699981689453,188.05999755859375,50730800,185.84285627092635,182.58450012207032,165.17870010375975,187.32025146484375
187.92999267578125,189.89999389648438,187.60000610351562,189.25,51216800,186.46142796107702,183.18199996948243,165.56300003051757,188.50558471679688
189.0800018310547,190.07000732421875,188.94000244140625,189.58999633789062,46347300,187.11571393694197,183.79899978637695,165.91389999389648,188.84423828125
191.6300048828125,194.47999572753906,191.25999450683594,193.97000122070312,85069600,188.54571315220423,184.49300003051758,166.33630004882812,193.20701599121094
193.77999877929688,193.8800048828125,191.75999450683594,192.4600067138672,31458200,189.32571411132812,185.06850051879883,166.71440017700195,191.70297241210938
191.57000732421875,192.97999572753906,190.6199951171875,191.3300018310547,46920300,189.99000113351005,185.65600051879883,167.10850021362305,190.57740783691406
189.83999633789062,192.02000427246094,189.1999969482422,191.80999755859375,45094300,190.92428588867188,186.28600006103517,167.5179002380371,191.05551147460938
191.41000366210938,192.6699981689453,190.24000549316406,190.67999267578125,46778000,191.29857090541296,186.9289993286133,167.91460021972657,189.92994689941406
189.25999450683594,189.99000549316406,187.0399932861328,188.61000061035156,59922200,191.20714242117745,187.33099899291992,168.26220016479493,187.86810302734375
189.16000366210938,189.3000030517578,186.60000610351562,188.0800018310547,46638100,190.9914289202009,187.6869987487793,168.61100021362304,187.34017944335938
189.67999267578125,191.6999969482422,188.47000122070312,189.77000427246094,60750200,190.3914293561663,187.9859992980957,168.9554002380371,189.02354431152344
190.5,191.19000244140625,189.77999877929688,190.5399932861328,41342300,190.1171417236328,188.34749908447264,169.32370010375976,189.79051208496094
190.22999572753906,191.17999267578125,189.6300048828125,190.69000244140625,41573900,190.02571323939733,188.68449935913085,169.70510009765624,189.93992614746094
191.89999389648438,194.32000732421875,191.80999755859375,193.99000549316406,50520200,190.33714294433594,189.08349990844727,170.1602001953125,193.2269287109375
193.35000610351562,194.3300018310547,192.4199981689453,193.72999572753906,48353800,190.77285766601562,189.52399978637695,170.6084001159668,192.96795654296875
193.10000610351562,198.22999572753906,192.64999389648438,195.10000610351562,80507300,191.7000013078962,190.02850036621095,171.0654002380371,194.33258056640625
195.08999633789062,196.47000122070312,192.5,193.1300048828125,59581200,192.42143031529017,190.48700027465821,171.52960021972658,192.37033081054688
194.10000610351562,194.97000122070312,191.22999572753906,191.94000244140625,71917800,192.73143005371094,190.7340003967285,171.96980026245117,191.1850128173828
193.41000366210938,194.91000366210938,192.25,192.75,45377800,193.0471452985491,191.03750076293946,172.42320022583007,191.99180603027344
193.3300018310547,194.44000244140625,192.9199981689453,193.6199951171875,37283200,193.46571568080358,191.4550003051758,172.906300201416,192.85838317871094
193.6699981689453,195.63999938964844,193.32000732421875,194.5,47471900,193.53857203892298,191.7770004272461,173.39220016479493,193.7349395751953
196.02000427246094,197.1999969482422,192.5500030517578,193.22000122070312,47460200,193.46571568080358,191.97550048828126,173.81410018920897,192.4599609375
194.6699981689453,196.6300048828125,194.13999938964844,195.8300018310547,48291400,193.57000078473772,192.28750076293946,174.234100189209,195.05970764160156
196.05999755859375,196.49000549316406,195.25999450683594,196.4499969482422,38824100,194.0442853655134,192.4115005493164,174.68260009765626,195.67726135253906
196.24000549316406,196.72999572753906,195.27999877929688,195.61000061035156,35175100,194.56857081821985,192.56900024414062,175.1100001525879,194.84056091308594
195.0399932861328,195.17999267578125,191.85000610351562,192.5800018310547,50389300,194.5442853655134,192.63150024414062,175.52990020751952,191.82249450683594
191.57000732421875,192.3699951171875,190.69000244140625,191.1699981689453,61235200,194.1942858014788,192.5995002746582,175.95660018920898,190.41802978515625
185.52000427246094,187.3800048828125,181.9199981689453,181.99000549316406,115799700,192.40714372907365,192.16500091552734,176.27180023193358,181.27415466308594
182.1300048828125,183.1300048828125,177.35000610351562,178.85000610351562,97576100,190.35428728376115,191.67700119018554,176.53440032958986,178.146484375
179.69000244140625,180.27000427246094,177.5800018310547,179.8000030517578,67823000,188.06428745814733,191.26300125122071,176.80250030517578,179.09274291992188
180.8699951171875,180.92999267578125,177.00999450683594,178.19000244140625,60378500,185.4557168143136,190.68400115966796,177.0259002685547,177.4890899658203
179.47999572753906,180.75,177.60000610351562,177.97000122070312,54686900,182.9357169015067,190.05550155639648,177.2556002807617,177.26995849609375
177.32000732421875,178.6199951171875,176.5500030517578,177.7899932861328,51988100,180.82285853794642,189.4105010986328,177.4595002746582,177.32980346679688
177.97000122070312,179.69000244140625,177.30999755859375,179.4600067138672,43675600,179.1500026157924,188.68400115966796,177.6613003540039,178.9954833984375
178.8800048828125,179.47999572753906,177.0500030517578,177.4499969482422,43622600,178.50142996651786,187.87000122070313,177.8575003051758,176.9906768798828
177.1300048828125,178.5399932861328,176.5,176.57000732421875,46964900,178.17571585518974,186.9435012817383,178.03390045166014,176.1129608154297
177.13999938964844,177.50999450683594,173.47999572753906,174.0,66062900,177.3471439906529,185.98700103759765,178.17140045166016,173.54962158203125
172.3000030517578,175.10000610351562,171.9600067138672,174.49000549316406,61114200,176.81857299804688,185.11450119018554,178.33350051879881,174.03834533691406
175.07000732421875,176.1300048828125,173.74000549316406,175.83999633789062,46311900,176.5142865862165,184.26900100708008,178.51540054321288,175.3848419189453
177.05999755859375,177.67999267578125,176.25,177.22999572753906,42084200,176.43428693498885,183.44950103759766,178.68000045776367,176.771240234375
178.52000427246094,181.5500030517578,178.3300018310547,181.1199951171875,52722800,176.67142813546317,182.78050079345704,178.86760040283204,180.65118408203125
180.6699981689453,181.10000610351562,176.00999450683594,176.3800048828125,54945800,176.51857212611608,181.9385009765625,178.9824005126953,175.92344665527344
177.3800048828125,179.14999389648438,175.82000732421875,178.61000061035156,51449600,176.80999973842077,181.07750091552734,179.10680053710936,178.14767456054688
180.08999633789062,180.58999633789062,178.5500030517578,180.19000244140625,43820700,177.6942858014788,180.26450119018554,179.25240051269532,179.7235870361328
179.6999969482422,184.89999389648438,179.5,184.1199951171875,53003900,179.06999860491072,179.69000091552735,179.45600051879882,183.64341735839844
184.94000244140625,187.85000610351562,184.74000549316406,187.64999389648438,60813900,180.75714111328125,179.44350051879883,179.68590042114258,187.16427612304688
187.83999633789062,189.1199951171875,187.47999572753906,187.8699951171875,60794500,182.27714102608817,179.27850036621095,179.94430038452148,187.3837127685547
189.49000549316406,189.9199981689453,188.27999877929688,189.4600067138672,45732600,183.46857125418526,179.6520004272461,180.23090042114256,188.9696044921875
188.27999877929688,189.97999572753906,187.61000061035156,189.6999969482422,45280000,185.37142726353235,180.19449996948242,180.52690032958984,189.20896911621094
188.39999389648438,188.85000610351562,181.47000122070312,182.91000366210938,81755800,185.9857134137835,180.35,180.700400390625,182.43655395507812
175.17999267578125,178.2100067138672,173.5399932861328,177.55999755859375,112488800,185.60999843052454,180.31849975585936,180.82390029907228,177.10040283203125
178.35000610351562,180.24000549316406,177.7899932861328,178.17999267578125,65551300,184.7614266531808,180.3289993286133,180.95340026855467,177.71878051757812
180.07000732421875,180.3000030517578,177.33999633789062,179.36000061035156,58953100,183.57714189801897,180.40749969482422,181.08230026245118,178.89573669433594
179.49000549316406,180.1300048828125,174.82000732421875,176.3000030517578,90370200,181.92428588867188,180.24949951171874,181.16900024414062,175.84365844726562
176.50999450683594,177.3000030517578,173.97999572753906,174.2100067138672,84267900,179.74571446010046,180.0875,181.24460037231447,173.75906372070312
174.0,176.10000610351562,173.5800018310547,175.74000549316406,60895800,177.75142996651786,180.04599990844727,181.35180038452148,175.28512573242188
176.47999572753906,176.5,173.82000732421875,175.00999450683594,109205100,176.62285723005022,180.09649963378905,181.4486003112793,174.55697631835938
176.47999572753906,179.3800048828125,176.1699981689453,177.97000122070312,67257600,176.68142918178015,180.270499420166,181.59060028076172,177.50933837890625
177.52000427246094,179.6300048828125,177.1300048828125,179.07000732421875,51826900,176.80857413155692,180.43199996948243,181.74370040893555,178.6064910888672
179.25999450683594,179.6999969482422,175.39999389648438,175.49000549316406,58436200,176.25571768624442,180.34500045776366,181.8145004272461,175.03575134277344
174.5500030517578,176.3000030517578,173.86000061035156,173.92999267578125,63047900,175.91714477539062,179.98550033569336,181.8570004272461,173.47979736328125
174.6699981689453,177.0800018310547,174.0500030517578,174.7899932861328,56725400,176.0,179.90599975585937,181.90900039672852,174.33755493164062
174.1999969482422,176.97000122070312,174.14999389648438,176.0800018310547,46172700,176.04857090541296,179.77949981689454,181.98440048217773,175.6242218017578
174.82000732421875,175.1999969482422,171.66000366210938,171.9600067138672,64588900,175.61285836356026,179.36800003051758,182.02950057983398,171.514892578125
172.6199951171875,173.0399932861328,169.0500030517578,170.42999267578125,66921800,174.53571428571428,178.68349990844726,182.07590057373048,169.98883056640625
169.33999633789062,172.02999877929688,167.6199951171875,170.69000244140625,56294400,173.33857073102678,177.83550033569335,182.04710052490233,170.24818420410156
172.02000427246094,173.07000732421875,170.33999633789062,171.2100067138672,51814200,172.72714233398438,177.00250091552735,182.024200592041,170.76683044433594
171.22000122070312,174.3000030517578,170.92999267578125,173.75,52164500,172.70142909458704,176.21700057983398,182.0440005493164,173.30026245117188
172.25999450683594,173.6300048828125,170.82000732421875,172.39999389648438,49594600,172.36000061035156,175.35200042724608,182.03240051269532,171.95375061035156
171.08999633789062,174.2100067138672,170.97000122070312,173.66000366210938,53020300,172.0142865862165,174.8895004272461,182.0315005493164,173.2104949951172
173.7899932861328,175.4499969482422,172.67999267578125,174.91000366210938,48527900,172.4357147216797,174.7570007324219,182.05490051269533,174.45726013183594
173.8000030517578,177.99000549316406,173.17999267578125,177.49000549316406,57224100,173.4442879813058,174.722501373291,182.10910049438476,177.0305938720703
176.80999755859375,179.0500030517578,175.8000030517578,178.99000549316406,42390800,174.63000270298548,174.70400161743163,182.1783004760742,178.52670288085938
178.10000610351562,179.72000122070312,177.9499969482422,178.38999938964844,43698000,175.6557159423828,174.80850143432616,182.23530044555665,177.92825317382812
178.1999969482422,179.85000610351562,177.60000610351562,179.8000030517578,47551100,176.52000209263392,175.0880012512207,182.28280044555663,179.3345947265625
180.07000732421875,182.33999633789062,179.0399932861328,180.7100067138672,56743100,177.70714678083147,175.33650131225585,182.3383004760742,180.24224853515625
181.4199981689453,181.92999267578125,178.13999938964844,178.85000610351562,51427100,178.44857570103235,175.52850189208985,182.38480056762694,178.38705444335938
176.75,179.0800018310547,176.50999450683594,178.72000122070312,52517000,178.99286106654577,175.56600189208984,182.45640060424805,178.2574005126953
176.64999389648438,178.4199981689453,174.8000030517578,177.14999389648438,57549400,178.9442879813058,175.47000122070312,182.509500579834,176.6914520263672
175.5800018310547,177.5800018310547,175.11000061035156,175.83999633789062,54764400,178.4942866734096,175.48750076293945,182.53800048828126,175.3848419189453
176.0399932861328,177.83999633789062,175.19000244140625,175.4600067138672,59302900,178.07571629115515,175.56400146484376,182.5383006286621,175.00584411621094
175.30999755859375,175.4199981689453,172.63999938964844,172.8800048828125,64189300,177.08714512416296,175.46850204467773,182.49410064697267,172.43251037597656
170.91000366210938,174.00999450683594,169.92999267578125,173.0,55980100,175.98571559361048,175.314501953125,182.45160064697265,172.5522003173828
173.0500030517578,173.6699981689453,171.4499969482422,173.44000244140625,43816600,175.21285792759485,175.38850173950195,182.38510070800783,172.99105834960938
171.8800048828125,173.05999755859375,170.64999389648438,171.10000610351562,57157000,174.12428719656808,175.42200241088867,182.28660079956055,170.65713500976562
170.3699951171875,171.3800048828125,165.6699981689453,166.88999938964844,70625300,172.6585736955915,175.23200225830078,182.1597007751465,166.45802307128906
166.91000366210938,168.9600067138672,166.8300018310547,168.22000122070312,58499100,171.57000296456474,175.08250198364257,182.04980072021485,167.78457641601562
169.02000427246094,171.1699981689453,168.8699951171875,170.2899932861328,51131000,170.83142961774553,174.9095016479492,181.97450057983397,169.8491973876953
169.35000610351562,170.89999389648438,167.89999389648438,170.77000427246094,44846000,170.5300009591239,174.82800216674804,181.8765005493164,170.32797241210938
171.0,174.22999572753906,170.1199951171875,173.97000122070312,56934900,170.66857256208147,174.84350204467773,181.80660049438475,173.51968383789062
175.52000427246094,177.77999877929688,175.4600067138672,177.57000732421875,77334800,171.2585732596261,174.97650222778321,181.7444006347656,177.11038208007812
174.24000549316406,176.82000732421875,173.35000610351562,176.64999389648438,79763700,172.05142865862166,174.93450164794922,181.67780059814453,176.1927490234375
176.3800048828125,179.42999267578125,176.2100067138672,179.22999572753906,63841300,173.8142852783203,174.94650115966797,181.6306005859375,178.7660675048828
179.17999267578125,182.44000244140625,178.97000122070312,181.82000732421875,70530000,175.75714329310827,175.11800155639648,181.58870071411133,181.349365234375
182.35000610351562,183.4499969482422,181.58999633789062,182.88999938964844,49340300,177.55714416503906,175.27250137329102,181.56840072631837,182.41659545898438
182.9600067138672,184.1199951171875,181.80999755859375,182.41000366210938,53763500,179.22000122070312,175.3575012207031,181.54240081787108,181.93783569335938
183.97000122070312,186.57000732421875,183.52999877929688,186.39999389648438,66133400,180.99571446010046,175.73500061035156,181.56680068969726,186.16244506835938
185.82000732421875,186.02999877929688,184.2100067138672,184.8000030517578,43627500,182.02857099260603,176.03900070190429,181.54480072021485,184.5644989013672
187.6999969482422,188.11000061035156,186.3000030517578,187.44000244140625,60108400,183.57000078473772,176.5535011291504,181.5524008178711,187.2011260986328
187.85000610351562,189.5,187.77999877929688,188.00999450683594,53790500,184.82428632463728,177.16200103759766,181.57980072021485,187.7703857421875
189.57000732421875,190.9600067138672,188.64999389648438,189.7100067138672,54412900,185.95142909458704,177.87450103759767,181.59630081176758,189.46824645996094
190.25,190.3800048828125,188.57000732421875,189.69000244140625,50922700,186.92285810198103,178.71500091552736,181.60070083618163,189.44825744628906
189.88999938964844,191.91000366210938,189.8800048828125,191.4499969482422,46505100,188.21428571428572,179.63750076293945,181.61930084228516,191.2060089111328
191.41000366210938,191.52000427246094,189.74000549316406,190.63999938964844,38134500,188.82000078473772,180.49750061035155,181.58600082397462,190.3970489501953
191.49000549316406,192.92999267578125,190.8300018310547,191.30999755859375,39617700,189.75,181.50800018310548,181.57450073242188,191.06619262695312
190.8699951171875,190.89999389648438,189.25,189.97000122070312,24048300,190.1114283970424,182.6620002746582,181.56090072631835,189.7279052734375
189.9199981689453,190.6699981689453,188.89999389648438,189.7899932861328,40552600,190.36571393694197,183.7404998779297,181.54070068359374,189.54812622070312
189.77999877929688,191.0800018310547,189.39999389648438,190.39999389648438,38415400,190.4642835344587,184.74599990844726,181.53790069580077,190.1573486328125
190.89999389648438,192.08999633789062,188.97000122070312,189.3699951171875,43014200,190.41856820242745,185.6759994506836,181.54550064086914,189.128662109375
189.83999633789062,190.32000732421875,188.19000244140625,189.9499969482422,48794400,190.20428248814173,186.47499923706056,181.564200592041,189.70791625976562
190.3300018310547,191.55999755859375,189.22999572753906,191.24000549316406,45679300,190.28999764578683,187.15849914550782,181.57890060424805,190.9962921142578
189.97999572753906,190.0500030517578,187.4499969482422,189.42999267578125,43389500,190.02142551967077,187.79749908447266,181.56780059814454,189.18858337402344
190.2100067138672,194.39999389648438,190.17999267578125,193.4199981689453,66628400,190.5142822265625,188.50699920654296,181.59510055541992,193.1735076904297
194.4499969482422,194.75999450683594,192.11000061035156,192.32000732421875,41089700,190.87571280343192,189.03199920654296,181.57840057373048,192.07492065429688
193.6300048828125,195.0,193.58999633789062,194.27000427246094,47477700,191.42857142857142,189.6009994506836,181.5838006591797,194.02243041992188
194.1999969482422,195.99000549316406,193.6699981689453,195.7100067138672,53377300,192.33428737095423,190.2659996032715,181.5899006652832,195.46058654785156
193.11000061035156,193.49000549316406,191.4199981689453,193.17999267578125,60943700,192.79571533203125,190.60499954223633,181.5904005432129,192.93380737304688
193.0800018310547,194.72000122070312,191.72000122070312,194.7100067138672,52696900,193.2914297921317,191.1004997253418,181.6181005859375,194.4618682861328
195.08999633789062,198.0,194.85000610351562,197.9600067138672,70404200,194.51000322614397,191.62649993896486,181.67020065307617,197.7077178955078
198.02000427246094,199.6199951171875,196.16000366210938,198.11000061035156,66831600,195.1800035749163,192.13150024414062,181.7151007080078,197.85752868652344
197.52999877929688,198.39999389648438,197.0,197.57000732421875,128256700,195.9300035749163,192.5245002746582,181.74580078125,197.31822204589844
196.08999633789062,196.6300048828125,194.38999938964844,195.88999938964844,55751900,196.16143144880022,192.83450012207032,181.77250076293944,195.64035034179688
196.16000366210938,196.9499969482422,195.88999938964844,196.94000244140625,40714100,196.33714512416296,193.1090003967285,181.78360076904298,196.68902587890625
196.89999389648438,197.67999267578125,194.8300018310547,194.8300018310547,52242800,196.57286071777344,193.31850051879883,181.7674008178711,194.5817108154297
196.10000610351562,197.0800018310547,193.5,194.67999267578125,46482500,196.56857299804688,193.48700027465821,181.7581007385254,194.431884765625
195.17999267578125,195.41000366210938,192.97000122070312,193.60000610351562,37122800,195.94571576799666,193.66850051879882,181.76830078125,193.35328674316406
193.61000061035156,193.88999938964844,192.8300018310547,193.0500030517578,28919300,195.22285897391183,193.83150100708008,181.78710083007812,192.80398559570312
192.49000549316406,193.5,191.08999633789062,193.14999389648438,48087700,194.59142848423548,193.96900100708007,181.89870071411133,192.90383911132812
194.13999938964844,194.66000366210938,193.1699981689453,193.5800018310547,34049900,194.2614288330078,194.17950134277345,182.0460006713867,193.3332977294922
193.89999389648438,194.39999389648438,191.72999572753906,192.52999877929688,42628800,193.63142830984933,194.30850143432616,182.1733006286621,192.28463745117188
187.14999389648438,188.44000244140625,183.88999938964844,185.63999938964844,82488700,192.31857081821985,194.02850112915038,182.24780059814452,185.40341186523438
184.22000122070312,185.8800048828125,183.42999267578125,184.25,58414500,190.82857186453683,193.76950149536134,182.3106005859375,184.01519775390625
182.14999389648438,183.08999633789062,180.8800048828125,181.91000366210938,71983600,189.15857151576452,193.19400177001953,182.35180068969726,181.6781768798828
181.99000549316406,182.75999450683594,180.1699981689453,181.17999267578125,62303300,187.46285574776786,192.63700103759766,182.3690005493164,180.9490966796875
182.08999633789062,185.60000610351562,181.5,185.55999755859375,59144500,186.37857055664062,192.2015007019043,182.4501005554199,185.32351684570312
183.9199981689453,185.14999389648438,182.72999572753906,185.13999938964844,42841800,185.172855922154,191.67300033569336,182.53580047607423,184.904052734375
184.35000610351562,186.39999389648438,183.9199981689453,186.19000244140625,46792900,184.26714215959822,191.3235008239746,182.6577005004883,185.9527130126953
186.5399932861328,187.0500030517578,183.6199951171875,185.58999633789062,49128400,184.25999886648995,190.86750030517578,182.76870040893556,185.35348510742188
186.05999755859375,186.74000549316406,185.19000244140625,185.9199981689453,40444700,184.49857003348214,190.2654998779297,182.8695004272461,185.6830596923828
182.16000366210938,184.25999450683594,180.92999267578125,183.6300048828125,65603000,184.7442844935826,189.54150009155273,182.93350051879884,183.39598083496094
181.27000427246094,182.92999267578125,180.3000030517578,182.67999267578125,47317400,184.9585702078683,188.79699935913087,182.94910049438477,182.4471893310547
186.08999633789062,189.13999938964844,185.8300018310547,188.6300048828125,78005800,185.3971426827567,188.43399963378906,183.07160049438477,188.38961791992188
189.3300018310547,191.9499969482422,188.82000732421875,191.55999755859375,68741000,186.3142852783203,188.16499938964844,183.2011004638672,191.3158721923828
192.3000030517578,195.3300018310547,192.25999450683594,193.88999938964844,60133900,187.4142848423549,188.1179992675781,183.3381004333496,193.6428985595703
195.02000427246094,195.75,193.8300018310547,195.17999267578125,42355600,188.78428431919642,188.14299926757812,183.44870040893554,194.93125915527344
195.4199981689453,196.3800048828125,194.33999633789062,194.5,53631300,190.00999886648995,188.18799896240233,183.5172004699707,194.2521209716797
195.22000122070312,196.27000427246094,193.11000061035156,194.1699981689453,54822100,191.51571219308036,188.2439987182617,183.58020050048827,193.92254638671875
194.27000427246094,194.75999450683594,191.94000244140625,192.4199981689453,44594000,192.90714154924666,188.20749893188477,183.60980041503908,192.17477416992188
192.00999450683594,192.1999969482422,189.5800018310547,191.72999572753906,47145600,193.3499973842076,188.114998626709,183.63010040283203,191.48565673828125
190.94000244140625,191.8000030517578,187.47000122070312,188.0399932861328,55859400,192.8471396309989,187.89049835205077,183.68140029907227,187.80035400390625
187.0399932861328,187.10000610351562,184.35000610351562,184.39999389648438,55467800,191.49142456054688,187.82849807739257,183.74980026245117,184.1649932861328
183.99000549316406,186.9499969482422,183.82000732421875,186.86000061035156,64885400,190.30285426548548,187.95899810791016,183.83660034179687,186.6218719482422
179.86000061035156,187.3300018310547,179.25,185.85000610351562,102518000,189.06714085170202,188.15599822998047,183.90150039672852,185.6131591796875
188.14999389648438,189.25,185.83999633789062,187.67999267578125,69668800,188.13999720982142,188.48099822998046,184.01530029296876,187.44081115722656
186.86000061035156,189.30999755859375,186.77000427246094,189.3000030517578,43490800,187.69428362165178,188.66799850463866,184.16620025634765,189.0587615966797
190.63999938964844,191.0500030517578,188.61000061035156,189.41000366210938,53439000,187.36285618373327,188.88149871826172,184.3029002380371,189.1686248779297
189.38999938964844,189.5399932861328,187.35000610351562,188.32000732421875,40962000,187.4028581891741,188.98799896240234,184.43600036621095,188.08001708984375
188.64999389648438,189.99000549316406,188.0,188.85000610351562,45155200,188.03857421875,189.1509994506836,184.54480041503905,188.85000610351562
188.4199981689453,188.6699981689453,186.7899932861328,187.14999389648438,41781900,188.0800018310547,189.21249923706054,184.62560028076172,187.14999389648438
185.77000427246094,186.2100067138672,183.50999450683594,185.0399932861328,56529500,187.96428571428572,189.28299865722656,184.7211001586914,185.0399932861328
185.32000732421875,185.52999877929688,182.44000244140625,184.14999389648438,54630500,187.46000017438615,189.35649871826172,184.82330017089845,184.14999389648438
183.5500030517578,184.49000549316406,181.35000610351562,183.86000061035156,65434500,186.682856968471,189.11799850463868,184.91400024414062,183.86000061035156
183.4199981689453,184.85000610351562,181.6699981689453,182.30999755859375,49701400,185.66857038225447,188.65549850463867,184.97630020141602,182.30999755859375
181.7899932861328,182.42999267578125,180.0,181.55999755859375,53665600,184.7028547014509,188.03899841308595,185.07230010986328,181.55999755859375
181.94000244140625,182.88999938964844,180.66000366210938,182.32000732421875,41529700,183.7699977329799,187.3959991455078,185.19120025634766,182.32000732421875
183.47999572753906,184.9600067138672,182.4600067138672,184.3699951171875,52292200,183.37285505022322,186.88949890136718,185.32800018310547,184.3699951171875
185.00999450683594,185.0399932861328,182.22999572753906,182.52000427246094,45119700,183.01285661969865,186.30699920654297,185.4411001586914,182.52000427246094
182.24000549316406,182.75999450683594,180.64999389648438,181.16000366210938,40867400,182.5857151576451,185.74399948120117,185.5152001953125,181.16000366210938
181.10000610351562,183.9199981689453,179.55999755859375,182.6300048828125,54318900,182.41000148228235,185.28899993896485,185.61750030517578,182.6300048828125
182.50999450683594,183.1199951171875,180.1300048828125,181.4199981689453,48953900,182.2828587123326,184.95800018310547,185.69510025024414,181.4199981689453
181.27000427246094,182.57000732421875,179.52999877929688,180.75,136682600,182.16714477539062,184.77550048828124,185.75350021362306,180.75
179.5500030517578,180.52999877929688,177.3800048828125,179.66000366210938,73488000,181.78714425223214,184.41550064086914,185.7752001953125,179.66000366210938
176.14999389648438,176.89999389648438,173.7899932861328,175.10000610351562,81510100,180.46286010742188,183.87800064086915,185.73630020141601,175.10000610351562
170.75999450683594,172.0399932861328,169.6199951171875,170.1199951171875,95132400,178.6914302280971,183.00000076293946,185.6536001586914,170.1199951171875
171.05999755859375,171.24000549316406,168.67999267578125,169.1199951171875,68587700,176.97142900739397,181.99100036621093,185.5468000793457,169.1199951171875
169.14999389648438,170.72999572753906,168.49000549316406,169.0,71765100,175.02428545270647,180.97050018310546,185.42970001220704,169.0
169.0,173.6999969482422,168.94000244140625,170.72999572753906,76114600,173.4971422467913,180.09099960327148,185.34849990844725,170.72999572753906
172.94000244140625,174.3800048828125,172.0500030517578,172.75,60139500,172.35428510393416,179.2859992980957,185.28879989624022,172.75
173.14999389648438,174.02999877929688,171.00999450683594,173.22999572753906,59825400,171.43571254185267,178.58999938964843,185.24959991455077,173.22999572753906
172.77000427246094,173.19000244140625,170.75999450683594,171.1300048828125,52488700,170.86856951032365,177.8944999694824,185.2025,171.1300048828125
172.91000366210938,174.30999755859375,172.0500030517578,173.0,72913500,171.27999877929688,177.3370002746582,185.17789993286132,173.0
171.1699981689453,172.6199951171875,170.2899932861328,172.6199951171875,121664700,171.77999877929688,176.775,185.17529983520507,172.6199951171875
175.57000732421875,177.7100067138672,173.52000427246094,173.72000122070312,75604200,172.45428466796875,176.34550018310546,185.18249984741212,173.72000122070312
174.33999633789062,176.61000061035156,173.02999877929688,176.0800018310547,55215200,173.21857125418526,176.0715003967285,185.2088998413086,176.0800018310547
175.72000122070312,178.6699981689453,175.08999633789062,178.6699981689453,53423100,174.0642852783203,175.88899993896484,185.28459976196288,178.6699981689453
177.0500030517578,177.49000549316406,170.83999633789062,171.3699951171875,106181300,173.79857090541296,175.23899993896484,185.32939971923827,171.3699951171875
171.75999450683594,173.0500030517578,170.05999755859375,172.27999877929688,71106600,173.96285574776786,174.72699966430665,185.36999969482423,172.27999877929688
170.57000732421875,171.94000244140625,169.4499969482422,170.85000610351562,54288300,173.6557137625558,174.21149978637695,185.37559982299805,170.85000610351562
170.0,171.4199981689453,169.5800018310547,169.7100067138672,57388400,173.24000113351005,173.56549987792968,185.36499984741212,169.7100067138672
170.41000366210938,173.60000610351562,170.11000061035156,173.30999755859375,60273300,173.18142918178015,173.1599998474121,185.358399810791,173.30999755859375
171.75,172.22999572753906,170.50999450683594,171.47999572753906,65672700,172.52428545270647,172.69649963378907,185.2974996948242,171.47999572753906
171.19000244140625,171.25,169.47999572753906,170.02999877929688,46240500,171.28999982561385,172.21499938964843,185.23129974365236,170.02999877929688
169.0800018310547,169.33999633789062,168.22999572753906,168.83999633789062,49329500,170.92857142857142,171.9019989013672,185.12739974975585,168.83999633789062
168.7899932861328,170.67999267578125,168.5800018310547,169.64999389648438,47691700,170.5528564453125,171.87849884033204,185.0056996154785,169.64999389648438
170.2899932861328,171.9199981689453,168.82000732421875,168.82000732421875,53704400,170.26285661969865,171.8634994506836,184.8649996948242,168.82000732421875
169.58999633789062,170.38999938964844,168.9499969482422,169.5800018310547,42055200,170.2442844935826,171.89249954223632,184.73669967651367,169.5800018310547
169.02999877929688,169.1999969482422,168.24000549316406,168.4499969482422,37425500,169.5499986921038,171.77849960327148,184.55719970703126,168.4499969482422
168.6999969482422,170.0800018310547,168.35000610351562,169.6699981689453,42451200,169.2914276123047,171.62449951171874,184.4058996582031,169.6699981689453
168.8000030517578,169.08999633789062,167.11000061035156,167.77999877929688,49709300,168.9699990408761,171.35199966430665,184.20929962158203,167.77999877929688
168.33999633789062,175.4600067138672,168.16000366210938,175.0399932861328,91070300,169.855712890625,171.54749908447266,184.079599609375,175.0399932861328
174.25999450683594,178.36000061035156,174.2100067138672,176.5500030517578,101593300,170.84142848423548,171.72499923706056,183.9479995727539,176.5500030517578
175.36000061035156,176.6300048828125,172.5,172.69000244140625,73531800,171.39428492954798,171.72849960327147,183.7779995727539,172.69000244140625
171.75,173.75999450683594,168.27000427246094,169.3800048828125,73711200,171.36571393694197,171.51149978637696,183.5572996520996,169.3800048828125
169.61000061035156,170.64999389648438,168.0,168.0,50901200,171.30142865862166,171.1074996948242,183.33089965820312,168.0
168.02999877929688,168.63999938964844,166.5500030517578,167.0399932861328,43122900,170.92571367536272,170.5259994506836,183.08819961547852,167.0399932861328
166.2100067138672,166.39999389648438,164.0800018310547,165.0,67772100,170.52857099260603,170.2074996948242,182.8384996032715,165.0
165.52000427246094,167.25999450683594,164.77000427246094,165.83999633789062,48116400,169.21428571428572,169.8854995727539,182.59899963378905,165.83999633789062
165.35000610351562,167.0500030517578,164.9199981689453,166.89999389648438,49537800,167.83571297781808,169.68799896240233,182.36399963378906,166.89999389648438
166.5399932861328,169.3000030517578,166.2100067138672,169.02000427246094,48251800,167.3114275251116,169.65349884033202,182.1604997253418,169.02000427246094
169.52999877929688,170.61000061035156,168.14999389648438,169.88999938964844,50398300,167.38428388323103,169.48249893188478,181.95989974975586,169.88999938964844
